﻿<?xml version="1.0" encoding="utf-8"?>
<publishData>
  <publishProfile publishUrl="C:\JosephFolder\InternalProjects\TopptPUblish\Secatttttttt\23June15" deleteExistingFiles="False" ftpAnonymousLogin="False" ftpPassiveMode="True" msdeploySite="" msdeploySiteID="" msdeployRemoteSitePhysicalPath="" msdeployAllowUntrustedCertificate="False" msdeploySkipExtraFilesOnServer="True" msdeployMarkAsApp="False" profileName="Profile1" publishMethod="FileSystem" replaceMatchingFiles="True" userName="" savePWD="False" userPWD="" SelectedForPublish="True">
    <file relUrl="Images/FloorEntry.png" publishTime="06/11/2015 15:24:33" />
    <file relUrl="Scripts/jquery-1.7.1.js" publishTime="04/16/2015 16:56:32" />
    <file relUrl="Content/themes/base/minified/jquery.ui.slider.min.css" publishTime="04/16/2015 16:56:34" />
    <file relUrl="Images/Pic_Orange.png" publishTime="05/06/2015 12:52:23" />
    <file relUrl="bin/System.Web.WebPages.dll" publishTime="04/16/2015 16:56:32" />
    <file relUrl="Images/Across.png" publishTime="06/11/2015 14:24:04" />
    <file relUrl="bin/BNYM.SeatAllocation.pdb" publishTime="06/23/2015 18:45:06" />
    <file relUrl="Content/themes/base/jquery.ui.datepicker.css" publishTime="04/16/2015 16:56:34" />
    <file relUrl="bin/System.Web.Helpers.xml" publishTime="04/16/2015 16:56:32" />
    <file relUrl="Content/themes/base/images/ui-icons_2e83ff_256x240.png" publishTime="04/16/2015 16:56:34" />
    <file relUrl="Service References/AdminService/BNYM.SeatAllocation.AdminService.EmployeeCollection.datasource" publishTime="05/26/2015 14:23:18" />
    <file relUrl="Content/themes/base/minified/jquery-ui.min.css" publishTime="04/16/2015 16:56:34" />
    <file relUrl="Scripts/jquery.unobtrusive-ajax.js" publishTime="04/16/2015 16:56:30" />
    <file relUrl="Content/themes/base/minified/jquery.ui.autocomplete.min.css" publishTime="04/16/2015 16:56:34" />
    <file relUrl="bin/Microsoft.Web.Infrastructure.dll" publishTime="04/16/2015 16:56:32" />
    <file relUrl="Service References/AdminService/BNYM.SeatAllocation.AdminService.UserAccessLevel.datasource" publishTime="05/26/2015 14:23:18" />
    <file relUrl="Content/themes/base/images/ui-bg_highlight-soft_75_cccccc_1x100.png" publishTime="04/16/2015 16:56:34" />
    <file relUrl="Images/close.png" publishTime="05/15/2015 23:56:58" />
    <file relUrl="Images/Copy of SharedLocation.png" publishTime="06/01/2015 22:19:56" />
    <file relUrl="Views/Web.config" publishTime="04/16/2015 17:13:40" />
    <file relUrl="Content/themes/base/jquery.ui.selectable.css" publishTime="04/16/2015 16:56:34" />
    <file relUrl="Images/sharedUnallocated1.png" publishTime="06/02/2015 17:25:17" />
    <file relUrl="Content/themes/base/minified/images/ui-icons_222222_256x240.png" publishTime="04/16/2015 16:56:34" />
    <file relUrl="Images/SeatEntryFinal.png" publishTime="05/08/2015 16:08:17" />
    <file relUrl="Scripts/jquery.validate.js" publishTime="04/16/2015 16:56:34" />
    <file relUrl="Service References/AdminService/BNYM.SeatAllocation.AdminService.TeamMaster.datasource" publishTime="05/26/2015 14:23:18" />
    <file relUrl="bin/System.Web.Razor.xml" publishTime="04/16/2015 16:56:32" />
    <file relUrl="Content/themes/base/jquery.ui.all.css" publishTime="04/16/2015 16:56:34" />
    <file relUrl="bin/System.Web.Razor.dll" publishTime="04/16/2015 16:56:32" />
    <file relUrl="bin/System.Web.WebPages.Razor.dll" publishTime="04/16/2015 16:56:32" />
    <file relUrl="Views/Home/Index.cshtml" publishTime="06/23/2015 17:31:26" />
    <file relUrl="Scripts/jquery.validate.unobtrusive.min.js" publishTime="04/16/2015 16:56:30" />
    <file relUrl="Service References/AdminService/BNYM.SeatAllocation.AdminService.EmployeeDataContractForPortal.datasource" publishTime="05/26/2015 14:23:18" />
    <file relUrl="Scripts/SideBar.js" publishTime="05/11/2015 12:55:54" />
    <file relUrl="Views/Shared/Error.cshtml" publishTime="04/16/2015 16:56:30" />
    <file relUrl="Content/themes/base/minified/jquery.ui.progressbar.min.css" publishTime="04/16/2015 16:56:34" />
    <file relUrl="Service References/AdminService/BNYM.SeatAllocation.AdminService.LOBManagerCollection.datasource" publishTime="05/26/2015 14:23:18" />
    <file relUrl="Scripts/jquery-1.7.1.min.js" publishTime="04/16/2015 16:56:32" />
    <file relUrl="Styles/ButtonEffects.css" publishTime="05/23/2015 19:25:58" />
    <file relUrl="Scripts/jquery.cookie.js" publishTime="05/11/2015 17:23:45" />
    <file relUrl="Images/sharedUnallocated.png" publishTime="05/16/2015 02:36:02" />
    <file relUrl="Content/themes/base/images/ui-bg_glass_55_fbf9ee_1x400.png" publishTime="04/16/2015 16:56:34" />
    <file relUrl="Service References/AdminService/BNYM.SeatAllocation.AdminService.AttritionReasonsMaster.datasource" publishTime="05/26/2015 14:23:18" />
    <file relUrl="Images/Floor.png" publishTime="06/11/2015 14:18:36" />
    <file relUrl="Content/themes/base/minified/jquery.ui.accordion.min.css" publishTime="04/16/2015 16:56:34" />
    <file relUrl="Content/themes/base/jquery-ui.css" publishTime="04/16/2015 16:56:34" />
    <file relUrl="Service References/AdminService/BNYM.SeatAllocation.AdminService.ExceptionLstEmployee.datasource" publishTime="05/26/2015 14:23:18" />
    <file relUrl="Content/themes/base/jquery.ui.resizable.css" publishTime="04/16/2015 16:56:34" />
    <file relUrl="Scripts/MicrosoftMvcAjax.debug.js" publishTime="04/16/2015 16:56:30" />
    <file relUrl="Content/themes/base/jquery.ui.tabs.css" publishTime="04/16/2015 16:56:34" />
    <file relUrl="bin/System.Web.WebPages.xml" publishTime="04/16/2015 16:56:32" />
    <file relUrl="Images/PinRed.png" publishTime="04/27/2015 23:10:55" />
    <file relUrl="Images/add.png" publishTime="05/20/2015 22:07:32" />
    <file relUrl="Views/FloorEntry/FloorEntry.cshtml" publishTime="06/17/2015 18:06:33" />
    <file relUrl="Model1.edmx.diagram" publishTime="06/22/2015 16:45:16" />
    <file relUrl="Content/themes/base/minified/jquery.ui.tabs.min.css" publishTime="04/16/2015 16:56:34" />
    <file relUrl="Images/Pin.png" publishTime="04/27/2015 23:07:49" />
    <file relUrl="Service References/AdminService/BNYM.SeatAllocation.AdminService.UserAccess.datasource" publishTime="05/26/2015 14:23:18" />
    <file relUrl="Scripts/MicrosoftMvcAjax.js" publishTime="04/16/2015 16:56:30" />
    <file relUrl="bin/System.Web.WebPages.Deployment.dll" publishTime="04/16/2015 16:56:32" />
    <file relUrl="Scripts/maphilight.js" publishTime="04/27/2015 20:58:14" />
    <file relUrl="Images/doge.png" publishTime="06/13/2015 23:57:48" />
    <file relUrl="Images/SeatEntry.png" publishTime="05/07/2015 14:43:57" />
    <file relUrl="Styles/jquery-ui.css" publishTime="05/12/2015 02:08:24" />
    <file relUrl="Scripts/jquery-ui-1.8.20.min.js" publishTime="04/16/2015 16:56:34" />
    <file relUrl="Scripts/MicrosoftAjax.js" publishTime="04/16/2015 16:56:30" />
    <file relUrl="Images/Ascendas phase1.JPG" publishTime="04/16/2015 19:10:34" />
    <file relUrl="Images/SharedLocationFinal.png" publishTime="05/15/2015 16:49:29" />
    <file relUrl="Scripts/jquery-1.4.4.min.js" publishTime="04/16/2015 18:52:20" />
    <file relUrl="Global.asax" publishTime="04/16/2015 16:56:30" />
    <file relUrl="Images/divider.png" publishTime="05/18/2015 20:31:14" />
    <file relUrl="Images/red_chair.png" publishTime="05/06/2015 11:31:54" />
    <file relUrl="bin/BNYM.SeatAllocation.dll" publishTime="06/23/2015 18:45:06" />
    <file relUrl="Scripts/MicrosoftMvcValidation.js" publishTime="04/16/2015 16:56:30" />
    <file relUrl="Service References/AdminService/BNYM.SeatAllocation.AdminService.ManagerDataContracts.datasource" publishTime="05/26/2015 14:23:18" />
    <file relUrl="Content/themes/base/minified/jquery.ui.theme.min.css" publishTime="04/16/2015 16:56:34" />
    <file relUrl="Web.config" publishTime="06/23/2015 18:45:39" />
    <file relUrl="Scripts/MicrosoftMvcValidation.debug.js" publishTime="04/16/2015 16:56:30" />
    <file relUrl="Content/themes/base/minified/images/ui-bg_glass_65_ffffff_1x400.png" publishTime="04/16/2015 16:56:34" />
    <file relUrl="Service References/AdminService/BNYM.SeatAllocation.AdminService.Departments.datasource" publishTime="05/26/2015 14:23:18" />
    <file relUrl="packages.config" publishTime="04/16/2015 16:56:34" />
    <file relUrl="Content/themes/base/jquery.ui.dialog.css" publishTime="04/16/2015 16:56:34" />
    <file relUrl="Images/pinblue.png" publishTime="05/19/2015 00:53:11" />
    <file relUrl="Content/themes/base/images/ui-bg_glass_75_dadada_1x400.png" publishTime="04/16/2015 16:56:34" />
    <file relUrl="Content/themes/base/minified/images/ui-icons_2e83ff_256x240.png" publishTime="04/16/2015 16:56:34" />
    <file relUrl="Images/d.jpg" publishTime="06/20/2015 22:36:22" />
    <file relUrl="Images/Ascendas phase1_Pixlr.jpg" publishTime="04/24/2015 18:03:07" />
    <file relUrl="Content/themes/base/minified/images/ui-bg_glass_55_fbf9ee_1x400.png" publishTime="04/16/2015 16:56:34" />
    <file relUrl="Content/themes/base/images/ui-icons_222222_256x240.png" publishTime="04/16/2015 16:56:34" />
    <file relUrl="Styles/jquerry-ui-latest.css" publishTime="05/15/2015 19:57:16" />
    <file relUrl="Images/home.png" publishTime="06/11/2015 16:08:11" />
    <file relUrl="Content/themes/base/minified/images/ui-icons_cd0a0a_256x240.png" publishTime="04/16/2015 16:56:34" />
    <file relUrl="Images/tbnymlogo1.gif" publishTime="05/08/2015 19:37:49" />
    <file relUrl="Service References/AdminService/BNYM.SeatAllocation.AdminService.DepartmentMaster.datasource" publishTime="05/26/2015 14:23:18" />
    <file relUrl="Content/themes/base/minified/jquery.ui.dialog.min.css" publishTime="04/16/2015 16:56:34" />
    <file relUrl="bin/EntityFramework.xml" publishTime="04/16/2015 16:56:30" />
    <file relUrl="bin/System.Web.Mvc.xml" publishTime="04/16/2015 16:56:32" />
    <file relUrl="Views/Seat/Search.cshtml" publishTime="06/20/2015 21:46:40" />
    <file relUrl="Content/themes/base/minified/images/ui-bg_glass_75_e6e6e6_1x400.png" publishTime="04/16/2015 16:56:34" />
    <file relUrl="Views/_ViewStart.cshtml" publishTime="04/16/2015 16:56:30" />
    <file relUrl="Images/pin_red.png" publishTime="05/06/2015 12:15:00" />
    <file relUrl="Images/bny_mellon_logo86x541.gif" publishTime="05/11/2015 14:35:20" />
    <file relUrl="Service References/AdminService/BNYM.SeatAllocation.AdminService.SupervisorDataContracts.datasource" publishTime="05/26/2015 14:23:18" />
    <file relUrl="Content/themes/base/jquery.ui.autocomplete.css" publishTime="04/16/2015 16:56:34" />
    <file relUrl="Images/pointed hands.gif" publishTime="06/13/2015 19:41:21" />
    <file relUrl="Images/circle.png" publishTime="06/11/2015 22:59:20" />
    <file relUrl="Content/themes/base/images/ui-bg_flat_75_ffffff_40x100.png" publishTime="04/16/2015 16:56:34" />
    <file relUrl="Scripts/jquery.validate.min.js" publishTime="04/16/2015 16:56:34" />
    <file relUrl="Images/pin_green.png" publishTime="05/06/2015 12:15:00" />
    <file relUrl="Views/Home/About.cshtml" publishTime="04/16/2015 16:56:30" />
    <file relUrl="Content/themes/base/images/ui-bg_glass_75_e6e6e6_1x400.png" publishTime="04/16/2015 16:56:34" />
    <file relUrl="App_Data/Database1_log.ldf" publishTime="05/14/2015 13:16:11" />
    <file relUrl="Scripts/responsivevoice.js" publishTime="06/23/2015 17:30:16" />
    <file relUrl="Content/themes/base/jquery.ui.theme.css" publishTime="04/16/2015 16:56:34" />
    <file relUrl="Scripts/jquery-ui-1.8.20.js" publishTime="04/16/2015 16:56:34" />
    <file relUrl="Content/themes/base/images/ui-bg_glass_95_fef1ec_1x400.png" publishTime="04/16/2015 16:56:34" />
    <file relUrl="Content/themes/base/minified/images/ui-bg_glass_75_dadada_1x400.png" publishTime="04/16/2015 16:56:34" />
    <file relUrl="Content/themes/base/minified/images/ui-bg_flat_75_ffffff_40x100.png" publishTime="04/16/2015 16:56:34" />
    <file relUrl="Scripts/jquerry.min.js" publishTime="04/17/2015 11:29:10" />
    <file relUrl="Images/sharedAllocated.png" publishTime="05/14/2015 12:20:14" />
    <file relUrl="Images/Person.jpg" publishTime="04/25/2015 09:11:42" />
    <file relUrl="Images/swap.png" publishTime="05/23/2015 16:02:01" />
    <file relUrl="Images/Pic_Red.png" publishTime="05/06/2015 12:52:23" />
    <file relUrl="Styles/sidebar.css" publishTime="05/11/2015 13:06:13" />
    <file relUrl="Images/pointed arrow.gif" publishTime="06/13/2015 19:51:48" />
    <file relUrl="Images/circle.gif" publishTime="06/11/2015 23:27:08" />
    <file relUrl="Content/themes/base/images/ui-icons_454545_256x240.png" publishTime="04/16/2015 16:56:34" />
    <file relUrl="Content/themes/base/jquery.ui.button.css" publishTime="04/16/2015 16:56:34" />
    <file relUrl="Content/themes/base/minified/images/ui-icons_888888_256x240.png" publishTime="04/16/2015 16:56:34" />
    <file relUrl="Images/SharedLocation.png" publishTime="05/15/2015 16:52:23" />
    <file relUrl="Service References/AdminService/BNYM.SeatAllocation.AdminService.DesignationDataContract.datasource" publishTime="05/26/2015 14:23:18" />
    <file relUrl="Content/themes/base/jquery.ui.core.css" publishTime="04/16/2015 16:56:34" />
    <file relUrl="Images/Floor1.png" publishTime="06/11/2015 14:26:32" />
    <file relUrl="Styles/msgBoxLight.css" publishTime="05/09/2015 16:09:33" />
    <file relUrl="Content/themes/base/images/ui-bg_glass_65_ffffff_1x400.png" publishTime="04/16/2015 16:56:34" />
    <file relUrl="Images/divider1.png" publishTime="05/18/2015 20:38:50" />
    <file relUrl="bin/System.Web.WebPages.Razor.xml" publishTime="04/16/2015 16:56:32" />
    <file relUrl="Images/sharedAllocated1.png" publishTime="06/02/2015 16:45:19" />
    <file relUrl="Views/Shared/_Layout.cshtml" publishTime="06/23/2015 17:18:35" />
    <file relUrl="Content/themes/base/minified/images/ui-bg_glass_95_fef1ec_1x400.png" publishTime="04/16/2015 16:56:34" />
    <file relUrl="Content/themes/base/images/ui-icons_cd0a0a_256x240.png" publishTime="04/16/2015 16:56:34" />
    <file relUrl="Images/Pic_Blue.png" publishTime="05/06/2015 12:52:23" />
    <file relUrl="App_Data/Database1.mdf" publishTime="05/14/2015 13:16:11" />
    <file relUrl="Images/Pic_Pink1.png" publishTime="06/02/2015 16:44:58" />
    <file relUrl="Content/themes/base/jquery.ui.accordion.css" publishTime="04/16/2015 16:56:34" />
    <file relUrl="Content/themes/base/images/ui-bg_flat_0_aaaaaa_40x100.png" publishTime="04/16/2015 16:56:34" />
    <file relUrl="Images/Pic_Pink.png" publishTime="05/06/2015 12:52:23" />
    <file relUrl="Images/world-map.PNG" publishTime="06/14/2015 11:13:45" />
    <file relUrl="Views/Seat/Entry.cshtml" publishTime="06/22/2015 16:28:10" />
    <file relUrl="Content/themes/base/minified/images/ui-icons_454545_256x240.png" publishTime="04/16/2015 16:56:34" />
    <file relUrl="Content/themes/base/minified/jquery.ui.resizable.min.css" publishTime="04/16/2015 16:56:34" />
    <file relUrl="Content/themes/base/minified/jquery.ui.core.min.css" publishTime="04/16/2015 16:56:34" />
    <file relUrl="Scripts/jquerry.maphilight.min.js" publishTime="04/17/2015 12:46:44" />
    <file relUrl="Service References/AdminService/BNYM.SeatAllocation.AdminService.StaffingRequirementContract.datasource" publishTime="05/26/2015 14:23:18" />
    <file relUrl="Images/pin_location_red.png" publishTime="04/27/2015 13:06:11" />
    <file relUrl="Content/themes/base/jquery.ui.slider.css" publishTime="04/16/2015 16:56:34" />
    <file relUrl="Content/themes/base/images/ui-icons_888888_256x240.png" publishTime="04/16/2015 16:56:34" />
    <file relUrl="Content/Site.css" publishTime="05/08/2015 17:30:34" />
    <file relUrl="Scripts/jquery.validate.unobtrusive.js" publishTime="04/16/2015 16:56:30" />
    <file relUrl="Images/ShraedRed.png" publishTime="05/14/2015 12:07:49" />
    <file relUrl="Scripts/MicrosoftAjax.debug.js" publishTime="06/22/2015 12:06:16" />
    <file relUrl="Model1.tt" publishTime="04/20/2015 13:47:10" />
    <file relUrl="Images/BNY_digital_logo.png" publishTime="05/11/2015 16:30:21" />
    <file relUrl="bin/System.Web.Mvc.dll" publishTime="04/16/2015 16:56:32" />
    <file relUrl="Styles/Sample.css" publishTime="05/23/2015 21:25:11" />
    <file relUrl="bin/EntityFramework.dll" publishTime="04/16/2015 16:56:30" />
    <file relUrl="Images/07_map_marker.png" publishTime="05/06/2015 12:06:08" />
    <file relUrl="Service References/AdminService/BNYM.SeatAllocation.AdminService.DivisionMaster.datasource" publishTime="05/26/2015 14:23:18" />
    <file relUrl="Scripts/modernizr-2.5.3.js" publishTime="04/16/2015 16:56:34" />
    <file relUrl="Images/search_user.png" publishTime="06/13/2015 18:05:31" />
    <file relUrl="Scripts/DashBoardJS.js" publishTime="06/23/2015 17:18:35" />
    <file relUrl="Images/set_7_forward.gif" publishTime="06/13/2015 20:01:36" />
    <file relUrl="Content/themes/base/jquery.ui.progressbar.css" publishTime="04/16/2015 16:56:34" />
    <file relUrl="Content/themes/base/minified/jquery.ui.selectable.min.css" publishTime="04/16/2015 16:56:34" />
    <file relUrl="Images/link.png" publishTime="05/23/2015 15:48:40" />
    <file relUrl="Model1.Context.tt" publishTime="04/20/2015 13:47:10" />
    <file relUrl="Service References/AdminService/BNYM.SeatAllocation.AdminService.ResourceMaster_All.datasource" publishTime="05/26/2015 14:23:18" />
    <file relUrl="bin/System.Web.Helpers.dll" publishTime="04/16/2015 16:56:32" />
    <file relUrl="Images/Ascendas phase1_Pixlr_0429.jpg" publishTime="05/05/2015 15:54:34" />
    <file relUrl="Images/Pic_Green.png" publishTime="05/06/2015 12:52:23" />
    <file relUrl="Images/tbnymlogo.gif" publishTime="05/08/2015 17:14:15" />
    <file relUrl="Service References/AdminService/BNYM.SeatAllocation.AdminService.TeamCollection.datasource" publishTime="05/26/2015 14:23:18" />
    <file relUrl="Content/themes/base/minified/images/ui-bg_flat_0_aaaaaa_40x100.png" publishTime="04/16/2015 16:56:34" />
    <file relUrl="Images/places_a.png" publishTime="05/06/2015 12:02:54" />
    <file relUrl="Styles/DropdownEffects.css" publishTime="05/23/2015 21:06:19" />
    <file relUrl="Images/Pic_Green1.png" publishTime="06/02/2015 16:44:27" />
    <file relUrl="Scripts/jquery.msgBox.js" publishTime="05/09/2015 16:06:46" />
    <file relUrl="Images/glowingarrowright.gif" publishTime="06/13/2015 19:51:48" />
    <file relUrl="Service References/AdminService/BNYM.SeatAllocation.AdminService.EmployeeDataContract.datasource" publishTime="05/26/2015 14:23:18" />
    <file relUrl="Scripts/blockUI.js" publishTime="06/15/2015 16:10:40" />
    <file relUrl="Scripts/jquery-ui.js" publishTime="06/13/2015 14:33:23" />
    <file relUrl="Content/themes/base/minified/jquery.ui.button.min.css" publishTime="04/16/2015 16:56:34" />
    <file relUrl="Scripts/jquery.unobtrusive-ajax.min.js" publishTime="04/16/2015 16:56:30" />
    <file relUrl="Views/Seat/Seat.cshtml" publishTime="06/23/2015 15:49:29" />
    <file relUrl="Content/themes/base/jquery.ui.base.css" publishTime="04/16/2015 16:56:34" />
    <file relUrl="Content/themes/base/minified/jquery.ui.datepicker.min.css" publishTime="04/16/2015 16:56:34" />
    <file relUrl="Service References/AdminService/BNYM.SeatAllocation.AdminService.HRFeedException.datasource" publishTime="05/26/2015 14:23:18" />
    <file relUrl="Images/un-pin.png" publishTime="05/19/2015 00:54:33" />
    <file relUrl="Images/SeatEntryHome.png" publishTime="06/11/2015 15:32:10" />
    <file relUrl="Content/themes/base/minified/images/ui-bg_highlight-soft_75_cccccc_1x100.png" publishTime="04/16/2015 16:56:34" />
    <file relUrl="bin/System.Web.WebPages.Deployment.xml" publishTime="04/16/2015 16:56:32" />
  </publishProfile>
</publishData>